Cell	nCount_RNA	nFeature_RNA	Cluster
GAGTGGCGAAGT	2753	131	CD14+Monocyte
GGTAGCCGAAGT	3121	130	CD14+Monocyte
GCGGTTCGAAGT	2697	111	CD8+T
CAACTACGAAGT	3237	135	CD14+Monocyte
CACTCACGAAGT	2743	140	CD14+Monocyte
CTATACCGAAGT	1391	92	CD8+T
CCTTCACGAAGT	2982	138	CD14+Monocyte
GAGTAACGAAGT	2855	128	CD14+Monocyte
GTCATCCGAAGT	2646	136	CD14+Monocyte
TTACTTCGAAGT	2277	123	CD14+Monocyte
AACCTCAACGCT	3311	142	CD14+Monocyte
GCGGTTAACGCT	2658	109	CD8+T
ATGTCAAACGCT	2414	108	CD8+T
ACTGATAACGCT	892	77	CD14+Monocyte
GACTATAACGCT	2935	141	CD14+Monocyte
TAATCGAACGCT	2774	111	CD8+T
TACAGCAACGCT	1153	79	CD8+T
TATAATAACGCT	2965	108	CD8+T
GCAGTCAACGCT	1489	106	CD14+Monocyte
TTACTTAACGCT	1945	106	CD14+Monocyte
ACTGCATGGTAT	2287	100	CD8+T
GTGGCCTGGTAT	2716	130	CD14+Monocyte
GTTTCGTGGTAT	936	85	CD14+Monocyte
GAGTGGTGGTAT	2544	127	CD14+Monocyte
CAACTATGGTAT	2921	138	CD14+Monocyte
CACCGGTGGTAT	920	86	CD14+Monocyte
CTAGCTTGGTAT	2708	109	CD8+T
CTCAGATGGTAT	2921	111	CD8+T
GTTAAGTGGTAT	3031	116	CD8+T
CGGAGATGGTAT	2908	142	CD14+Monocyte
GAAGCTTGGTAT	842	78	CD14+Monocyte
GAGTAATGGTAT	3034	137	CD14+Monocyte
AGCGGCTGGTAT	2473	122	CD14+Monocyte
TAGTCAGAACTG	2451	96	CD8+T
GTAGAGGAACTG	3043	140	CD14+Monocyte
GTCCGCGAACTG	2529	123	CD14+Monocyte
GTGAAAGAACTG	2112	116	CD14+Monocyte
GGTAGCGAACTG	2591	115	CD14+Monocyte
ATTCCTGAACTG	2385	125	CD14+Monocyte
GGAGTTGAACTG	1623	106	CD14+Monocyte
CGGAGAGAACTG	2555	133	CD14+Monocyte
GAAGCTGAACTG	2470	127	CD14+Monocyte
GACTATGAACTG	2847	129	CD14+Monocyte
TACAGCGAACTG	2539	111	CD8+T
GCTCAAGAACTG	2257	117	CD14+Monocyte
TTACTTGAACTG	2434	113	CD14+Monocyte
GAGCCTACTTCG	1009	77	CD8+T
GCGGTTACTTCG	2543	129	CD8+T
CCGTCCACTTCG	3561	123	CD8+T
CACCGGACTTCG	2134	122	CD14+Monocyte
CGGAATACTTCG	2787	116	CD8+T
GTTAAGACTTCG	2411	102	CD8+T
CCTTCAACTTCG	3049	132	CD14+Monocyte
CGGAGAACTTCG	2929	121	CD14+Monocyte
GACTATACTTCG	981	81	CD14+Monocyte
TCCCGAACTTCG	2924	121	CD8+T
TAACGTACTTCG	2538	133	CD14+Monocyte
AGCGGCACTTCG	2446	118	CD14+Monocyte
ACTGCACTCACG	2036	100	CD8+T
GTTTCGCTCACG	2937	132	CD14+Monocyte
CGTACGCTCACG	2640	140	CD14+Monocyte
AACCTCCTCACG	2990	140	CD14+Monocyte
ACTGATCTCACG	2457	118	CD14+Monocyte
CACCGGCTCACG	2507	129	CD14+Monocyte
CCAACACTCACG	2504	95	CD8+T
CTATACCTCACG	1512	84	CD8+T
GAAGCTCTCACG	1172	104	CD14+Monocyte
GACTATCTCACG	3133	138	CD14+Monocyte
TCATTCCTCACG	2499	94	CD8+T
GCTCAACTCACG	2810	127	CD14+Monocyte
GTAAGACTCACG	1319	89	CD14+Monocyte
GTCATCCTCACG	2214	123	CD14+Monocyte
AGAAGACAGGAG	2570	108	CD8+T
GTAGAGCAGGAG	3086	121	CD14+Monocyte
TGGTCCCAGGAG	2043	93	CD8+T
CACTCACAGGAG	2680	119	CD14+Monocyte
ACTAAGCAGGAG	2652	129	CD14+Monocyte
GTATCTCAGGAG	1794	101	CD14+Monocyte
GTCATCCAGGAG	2337	134	CD14+Monocyte
GTTTCGAAGTTC	2923	140	CD14+Monocyte
CGTACGAAGTTC	2392	126	CD14+Monocyte
GAGTGGAAGTTC	718	77	CD14+Monocyte
TGGCCTAAGTTC	2688	107	CD8+T
AGTCAAAAGTTC	2291	97	CD8+T
AACGGTAAGTTC	2545	124	CD14+Monocyte
CGGAATAAGTTC	2551	99	CD8+T
CTAGCTAAGTTC	2559	105	CD8+T
GAGTAAAAGTTC	3035	138	CD14+Monocyte
TAATCGAAGTTC	2934	108	CD8+T
GGATATAAGTTC	2293	118	CD14+Monocyte
TTACTTAAGTTC	2294	124	CD14+Monocyte
CCGCCTCAATCC	4843	146	CD8+T
GTAGAGCAATCC	2618	117	CD14+Monocyte
GTGGCCCAATCC	2376	121	CD14+Monocyte
GAGTGGCAATCC	2636	128	CD14+Monocyte
AGTTCCCAATCC	978	76	CD8+T
ATTCCTCAATCC	2441	123	CD14+Monocyte
CAACTACAATCC	2161	128	CD14+Monocyte
CACTCACAATCC	1742	112	CD14+Monocyte
CTAGCTCAATCC	2260	111	CD8+T
GTTAAGCAATCC	2249	98	CD8+T
CCTTCACAATCC	3169	150	CD14+Monocyte
CGAATACAATCC	3692	145	CD14+Monocyte
GAGTAACAATCC	3695	145	CD14+Monocyte
TTACTTCAATCC	2803	131	CD14+Monocyte
AACCAACCAGTC	3144	130	CD16+Monocyte
CGATAGCCAGTC	2993	126	CD16+Monocyte
AGAAGACCAGTC	3257	136	CD16+Monocyte
GAGCCTCCAGTC	3238	141	CD16+Monocyte
ACTGCACCAGTC	3748	143	CD16+Monocyte
CGTACGCCAGTC	1705	93	B
GAGTGGCCAGTC	2520	118	B
CGCAACCCAGTC	3815	140	CD16+Monocyte
AGTTCCCCAGTC	4869	148	CD16+Monocyte
ATGTCACCAGTC	3180	122	CD16+Monocyte
CCGTCCCCAGTC	2905	123	CD16+Monocyte
CAGGCGCCAGTC	3064	131	CD16+Monocyte
CCAACACCAGTC	3502	142	CD16+Monocyte
GTTAAGCCAGTC	3208	134	CD16+Monocyte
GGAGTTCCAGTC	1782	86	B
ACTAAGCCAGTC	1881	103	B
GAAGCTCCAGTC	1967	82	B
TCATTCCCAGTC	3418	139	CD16+Monocyte
TCCCGACCAGTC	3579	152	CD16+Monocyte
TCGAAGCCAGTC	3323	130	CD16+Monocyte
TCGGCACCAGTC	3189	126	CD16+Monocyte
TCGCGGCCAGTC	3344	137	CD16+Monocyte
GTAAGACCAGTC	1555	93	B
AGCGGCCCAGTC	1511	83	B
AACCAAGTATGC	3185	141	CD16+Monocyte
AGAAGAGTATGC	5528	174	CD16+Monocyte
TAGTCAGTATGC	1340	97	CD16+Monocyte
TTCTGAGTATGC	3341	143	CD16+Monocyte
GTAGAGGTATGC	1670	86	B
GGTAGCGTATGC	1538	80	B
CCTAGCGTATGC	2244	112	CD16+Monocyte
GCGGTTGTATGC	2823	120	CD16+Monocyte
AGTTCCGTATGC	5414	161	CD16+Monocyte
CGGAATGTATGC	3445	139	CD16+Monocyte
CTAGCTGTATGC	4104	140	CD16+Monocyte
CTATACGTATGC	3322	127	CD16+Monocyte
ACTAAGGTATGC	1691	93	B
TCATTCGTATGC	3413	134	CD16+Monocyte
TCCCGAGTATGC	3318	127	CD16+Monocyte
TCGGCAGTATGC	3626	143	CD16+Monocyte
AACCAACATTGA	3063	137	CD16+Monocyte
CAGCATCATTGA	3032	127	CD16+Monocyte
CCGCCTCATTGA	2899	127	CD16+Monocyte
TTCTGACATTGA	2505	109	CD16+Monocyte
GTCCGCCATTGA	1504	92	B
GTGAAACATTGA	2177	99	B
GTGGCCCATTGA	1436	85	B
CGCAACCATTGA	3896	145	CD16+Monocyte
TGGCCTCATTGA	2158	102	CD16+Monocyte
CACTCACATTGA	1335	77	B
CATGGCCATTGA	2486	125	CD16+Monocyte
CTAGCTCATTGA	2532	107	CD16+Monocyte
GTTAAGCATTGA	2332	123	CD16+Monocyte
CGAATACATTGA	1585	85	B
TATAATCATTGA	3355	141	CD16+Monocyte
TCATTCCATTGA	2764	128	CD16+Monocyte
GGATATCATTGA	1382	81	B
TTACTTCATTGA	1279	80	B
TTCTGAGGCTCA	3309	134	CD16+Monocyte
GCGGTTGGCTCA	3277	137	CD16+Monocyte
CAGGCGGGCTCA	3143	129	CD16+Monocyte
CATGGCGGCTCA	1749	101	CD16+Monocyte
CCAACAGGCTCA	3390	130	CD16+Monocyte
GAAGCTGGCTCA	1700	86	B
GACTATGGCTCA	1568	86	B
GACGACGGCTCA	869	79	CD16+Monocyte
TATAATGGCTCA	3691	135	CD16+Monocyte
TCCCGAGGCTCA	5212	158	CD16+Monocyte
TCGGCAGGCTCA	2450	107	CD16+Monocyte
AACCAAATGCCA	3299	138	CD16+Monocyte
CAGCATATGCCA	3267	139	CD16+Monocyte
GTTTCGATGCCA	1652	86	B
CGTACGATGCCA	1601	85	B
GGTAGCATGCCA	1377	76	B
GCGGTTATGCCA	3167	136	CD16+Monocyte
AGTCAAATGCCA	2536	116	CD16+Monocyte
TGGTCCATGCCA	3459	141	CD16+Monocyte
ATTCCTATGCCA	2642	117	B
AACGGTATGCCA	1822	95	B
CAGGCGATGCCA	3041	135	CD16+Monocyte
CGGAATATGCCA	1121	85	CD16+Monocyte
CTATACATGCCA	3286	127	CD16+Monocyte
CGGAGAATGCCA	1624	98	B
ACCAGAATGCCA	1910	93	B
TAATCGATGCCA	3149	139	CD16+Monocyte
GAGCCTCAGATT	3449	144	CD16+Monocyte
TAGTCACAGATT	3387	124	CD16+Monocyte
CCGCCTCAGATT	5390	172	CD16+Monocyte
TTCTGACAGATT	3095	136	CD16+Monocyte
GTTTCGCAGATT	2355	98	B
GCGGTTCAGATT	3546	131	CD16+Monocyte
CCGTCCCAGATT	2507	124	CD16+Monocyte
TGGTCCCAGATT	2443	123	CD16+Monocyte
AACGGTCAGATT	1810	92	B
CATGGCCAGATT	3035	128	CD16+Monocyte
CGGAATCAGATT	3028	123	CD16+Monocyte
ACCAGACAGATT	1690	81	B
TACAGCCAGATT	4290	154	CD16+Monocyte
GTATCTCAGATT	1406	78	B
TAACGTCAGATT	1872	98	B
TTACTTCAGATT	1867	87	B
ACTGCAAGTCTT	2564	124	CD16+Monocyte
CAGCATAGTCTT	3157	143	CD16+Monocyte
GTCCGCAGTCTT	1501	95	B
CGCAACAGTCTT	3666	144	CD16+Monocyte
TGGCCTAGTCTT	2690	111	CD16+Monocyte
CCGTCCAGTCTT	2201	109	CD16+Monocyte
CACCGGAGTCTT	1323	82	B
CCAACAAGTCTT	2292	118	CD16+Monocyte
CGGAATAGTCTT	3074	128	CD16+Monocyte
CTATACAGTCTT	3254	119	CD16+Monocyte
CGGAGAAGTCTT	1968	98	B
ACCAGAAGTCTT	3148	129	B
TACAGCAGTCTT	2510	109	CD16+Monocyte
TCATTCAGTCTT	3516	144	CD16+Monocyte
TCGGCAAGTCTT	2228	116	CD16+Monocyte
GCAGTCAGTCTT	1707	92	B
GAGCCTTCAGCT	3745	137	CD16+Monocyte
TAGTCATCAGCT	3565	141	CD16+Monocyte
ACTGCATCAGCT	3549	140	CD16+Monocyte
TTCTGATCAGCT	3330	124	CD16+Monocyte
GTTTCGTCAGCT	1676	91	B
TGGCCTTCAGCT	3480	129	CD16+Monocyte
AGTTCCTCAGCT	3002	137	CD16+Monocyte
CAGGCGTCAGCT	3104	132	CD16+Monocyte
CCAACATCAGCT	3364	116	CD16+Monocyte
CTATACTCAGCT	3534	141	CD16+Monocyte
CGAATATCAGCT	1722	89	B
TACAGCTCAGCT	3465	142	CD16+Monocyte
TCATTCTCAGCT	1585	95	CD16+Monocyte
TCGGCATCAGCT	2358	116	CD16+Monocyte
GTCATCTCAGCT	1392	81	B
AGCGGCTCAGCT	1573	92	B
AACCAAACCTTA	2019	110	CD16+Monocyte
TAGTCAACCTTA	2386	123	CD16+Monocyte
GTGGCCACCTTA	1861	86	B
CGTACGACCTTA	1440	89	B
ATGTCAACCTTA	1047	80	CD16+Monocyte
CCGTCCACCTTA	3589	141	CD16+Monocyte
TCCCGAACCTTA	2121	105	CD16+Monocyte
TCGGCAACCTTA	2591	128	CD16+Monocyte
AGCGGCACCTTA	1328	85	B
TAGTCAGTCTAT	3291	102	CD4+T
CAGCATGTCTAT	3471	114	CD4+T
GTAGAGGTCTAT	2222	100	NK
AACCTCGTCTAT	850	78	NK
ATGTCAGTCTAT	1678	96	CD4+T
CCGTCCGTCTAT	1622	79	CD4+T
TGGTCCGTCTAT	2121	90	CD4+T
CAACTAGTCTAT	1567	89	NK
AACGGTGTCTAT	1610	91	NK
CATTTTGTCTAT	2155	101	CD4+T
CCAACAGTCTAT	2061	97	CD4+T
CTAGCTGTCTAT	2622	100	CD4+T
CCTTCAGTCTAT	2079	107	NK
CGGAGAGTCTAT	1764	98	NK
ACTAAGGTCTAT	2244	110	NK
GACGACGTCTAT	2018	92	CD4+T
GCAGTCGTCTAT	1632	93	NK
CGATAGATGTGG	2449	100	CD4+T
GAGCCTATGTGG	2013	93	CD4+T
GTTTCGATGTGG	1823	100	NK
TGGCCTATGTGG	1392	79	CD4+T
AGTCAAATGTGG	2034	107	CD4+T
ATGTCAATGTGG	1994	91	CD4+T
CCAACAATGTGG	1712	80	CD4+T
TCATTCATGTGG	2048	99	CD4+T
TCGGCAATGTGG	1785	92	CD4+T
AACCAATACTCG	3377	129	CD4+T
CGATAGTACTCG	2138	107	CD4+T
TTCTGATACTCG	2114	98	CD4+T
CCTAGCTACTCG	2136	95	CD4+T
AGTTCCTACTCG	2087	97	CD4+T
CATTTTTACTCG	1811	94	CD4+T
GAAGCTTACTCG	1485	100	NK
GAGTAATACTCG	1010	89	NK
ACCAGATACTCG	1769	97	NK
GACGACTACTCG	1822	92	CD4+T
TAATCGTACTCG	2129	100	CD4+T
GTCATCTACTCG	1497	81	NK
GTTTCGCGTTAG	1226	80	NK
CGTACGCGTTAG	1835	98	NK
AACCTCCGTTAG	2236	113	NK
CCTAGCCGTTAG	2206	100	CD4+T
TGGCCTCGTTAG	2084	93	CD4+T
GCGGTTCGTTAG	1752	89	CD4+T
ACTGATCGTTAG	1118	80	NK
ATGAGCCGTTAG	2102	115	NK
CAAAAGCGTTAG	1829	101	NK
CACGATCGTTAG	1942	104	NK
CACTCACGTTAG	2055	103	NK
CAGGCGCGTTAG	2586	99	CD4+T
CATGGCCGTTAG	1944	93	CD4+T
ACCAGACGTTAG	1926	100	NK
TATAATCGTTAG	1924	98	CD4+T
TCGGCACGTTAG	1980	91	CD4+T
TTACTTCGTTAG	1315	93	NK
CCGCCTACCGAG	3896	124	CD4+T
GTAGAGACCGAG	1965	96	NK
GTCCGCACCGAG	2084	96	NK
AGTCAAACCGAG	3160	123	CD4+T
AGTTCCACCGAG	2153	97	CD4+T
CCGTCCACCGAG	2156	94	CD4+T
ACTGATACCGAG	2190	106	NK
ATGAGCACCGAG	2304	100	NK
CACTCAACCGAG	1704	95	NK
CATGGCACCGAG	1894	84	CD4+T
GTTAAGACCGAG	1694	90	CD4+T
GACGACACCGAG	2182	96	CD4+T
GGATATACCGAG	1184	95	NK
GTAAGAACCGAG	1469	87	NK
GTATCTACCGAG	1178	91	NK
ACTGCAGTTCTC	3025	133	CD4+T
CCGCCTGTTCTC	2370	101	CD4+T
GTGAAAGTTCTC	1670	96	NK
AACCTCGTTCTC	2307	117	NK
CCTAGCGTTCTC	2762	109	CD4+T
GCGGTTGTTCTC	3288	114	CD4+T
ACTGATGTTCTC	962	78	NK
ATGAGCGTTCTC	2121	102	NK
CACGATGTTCTC	1140	85	NK
CACTCAGTTCTC	1781	100	NK
CAGGCGGTTCTC	1791	92	CD4+T
CATGGCGTTCTC	1907	95	CD4+T
CTATACGTTCTC	1663	86	CD4+T
GTTAAGGTTCTC	2294	104	CD4+T
GGAGTTGTTCTC	1941	97	NK
TATAATGTTCTC	1908	87	CD4+T
TCATTCGTTCTC	1865	87	CD4+T
TCCCGAGTTCTC	2270	91	CD4+T
TCGCGGGTTCTC	2431	100	CD4+T
GGATATGTTCTC	2437	115	NK
GTATCTGTTCTC	1790	93	NK
TTACTTGTTCTC	1806	96	NK
CCGCCTTCGCAC	2958	108	CD4+T
GTAGAGTCGCAC	2360	120	NK
GTTTCGTCGCAC	2269	112	NK
AGTCAATCGCAC	2430	102	CD4+T
CAGGCGTCGCAC	1940	91	CD4+T
CTAGCTTCGCAC	2382	115	CD4+T
CTCAGATCGCAC	2892	109	CD4+T
GGAGTTTCGCAC	1570	80	NK
CCTTCATCGCAC	1808	108	NK
GACGACTCGCAC	2676	129	CD4+T
TAATCGTCGCAC	2373	95	CD4+T
TACAGCTCGCAC	1359	79	CD4+T
TTACTTTCGCAC	1861	98	NK
GTTTCGTGCGTA	2041	103	NK
CCTAGCTGCGTA	2040	97	CD4+T
CGCAACTGCGTA	2145	93	CD4+T
AGTTCCTGCGTA	1654	82	CD4+T
ACTGATTGCGTA	1966	111	NK
CCAACATGCGTA	2151	96	CD4+T
CTATACTGCGTA	2282	94	CD4+T
GTTAAGTGCGTA	1954	96	CD4+T
CCTTCATGCGTA	1112	85	NK
GAAGCTTGCGTA	1953	100	NK
GACTATTGCGTA	1859	97	NK
TAATCGTGCGTA	1678	87	CD4+T
TCATTCTGCGTA	1692	80	CD4+T
AGTTCCCCTGTT	2209	88	CD4+T
ATGTCACCTGTT	2339	111	CD4+T
CCGTCCCCTGTT	2470	94	CD4+T
TGGTCCCCTGTT	2039	94	CD4+T
ACTGATCCTGTT	1835	108	NK
CACGATCCTGTT	1936	99	NK
AACGGTCCTGTT	1899	109	NK
CAGGCGCCTGTT	2079	104	CD4+T
CATTTTCCTGTT	2902	99	CD4+T
CTCAGACCTGTT	1508	82	CD4+T
TATAATCCTGTT	2826	115	CD4+T
TCCCGACCTGTT	2236	111	CD4+T
TCGGCACCTGTT	1966	89	CD4+T
TCGCGGCCTGTT	1991	101	CD4+T
GTATCTCCTGTT	1641	104	NK
GTCATCCCTGTT	1900	96	NK
TAACGTCCTGTT	1973	101	NK
GTCCGCTGTTCC	2350	127	CD14+Monocyte
GTGAAATGTTCC	2716	124	CD14+Monocyte
CGTACGTGTTCC	2866	142	CD14+Monocyte
TGGCCTTGTTCC	4340	133	CD8+T
AGTTCCTGTTCC	2383	105	CD8+T
CGGAGATGTTCC	970	83	CD14+Monocyte
ACCAGATGTTCC	1872	129	CD14+Monocyte
GACGACTGTTCC	2202	101	CD8+T
TAACGTTGTTCC	2603	126	CD14+Monocyte
AGCGGCTGTTCC	1307	85	CD14+Monocyte
AACCAAGAAGCC	2317	110	CD8+T
CAGCATGAAGCC	2225	108	CD8+T
GTCCGCGAAGCC	2704	119	CD14+Monocyte
AGTTCCGAAGCC	2251	96	CD8+T
CAAAAGGAAGCC	2509	129	CD14+Monocyte
TCCCGAGAAGCC	2222	99	CD8+T
AGAAGAACCACC	2402	104	CD8+T
GAGCCTACCACC	1130	84	CD8+T
ACTGCAACCACC	2686	112	CD8+T
GGTAGCACCACC	3052	137	CD14+Monocyte
CCGTCCACCACC	1296	85	CD8+T
ATTCCTACCACC	3004	136	CD14+Monocyte
GACTATACCACC	2224	119	CD14+Monocyte
GACGACACCACC	2561	107	CD8+T
TACAGCACCACC	2465	106	CD8+T
TCCCGAACCACC	2583	115	CD8+T
GTATCTACCACC	2420	111	CD14+Monocyte
CGATAGGCGTGA	934	79	CD8+T
GTGAAAGCGTGA	2457	129	CD14+Monocyte
AGTTCCGCGTGA	1705	92	CD8+T
CCGTCCGCGTGA	2362	97	CD8+T
CACCGGGCGTGA	2255	118	CD14+Monocyte
CACGATGCGTGA	2007	118	CD14+Monocyte
CACTCAGCGTGA	1612	108	CD14+Monocyte
GGAGTTGCGTGA	1918	100	CD14+Monocyte
ACCAGAGCGTGA	1543	98	CD14+Monocyte
TAACGTGCGTGA	2640	122	CD14+Monocyte
TTACTTGCGTGA	2747	143	CD14+Monocyte
TAGTCAGTGAGT	3428	109	CD8+T
CAGCATGTGAGT	2333	97	CD8+T
TTCTGAGTGAGT	2501	104	CD8+T
GTTTCGGTGAGT	2395	127	CD14+Monocyte
ATGTCAGTGAGT	2439	100	CD8+T
CCGTCCGTGAGT	2228	94	CD8+T
TGGTCCGTGAGT	2476	96	CD8+T
ATTCCTGTGAGT	1620	107	CD14+Monocyte
CAAAAGGTGAGT	2649	126	CD14+Monocyte
CCAACAGTGAGT	2730	100	CD8+T
CGGAATGTGAGT	2423	107	CD8+T
GGAGTTGTGAGT	2502	130	CD14+Monocyte
CGAATAGTGAGT	1694	99	CD14+Monocyte
GAAGCTGTGAGT	2606	131	CD14+Monocyte
GCAGTCGTGAGT	3378	140	CD14+Monocyte
GTAAGAGTGAGT	2129	119	CD14+Monocyte
TAACGTGTGAGT	2733	131	CD14+Monocyte
ACTGCAATCTCT	2418	100	CD8+T
GTGGCCATCTCT	2303	113	CD14+Monocyte
GGTAGCATCTCT	2605	134	CD14+Monocyte
CACTCAATCTCT	1508	102	CD14+Monocyte
AACGGTATCTCT	925	83	CD14+Monocyte
GGATATATCTCT	2147	122	CD14+Monocyte
GTAAGAATCTCT	2316	105	CD14+Monocyte
TAACGTATCTCT	1413	94	CD14+Monocyte
TTACTTATCTCT	2270	114	CD14+Monocyte
GTAGAGTGTCCT	2607	120	CD14+Monocyte
GTGGCCTGTCCT	2564	132	CD14+Monocyte
ATGTCATGTCCT	2670	103	CD8+T
CAAAAGTGTCCT	2413	125	CD14+Monocyte
CACCGGTGTCCT	1412	107	CD14+Monocyte
CGGAGATGTCCT	1595	109	CD14+Monocyte
CCTAGCACGGAT	2746	108	CD8+T
AGTTCCACGGAT	2607	106	CD8+T
ATGTCAACGGAT	2634	110	CD8+T
ACTGATACGGAT	696	78	CD14+Monocyte
CACGATACGGAT	2502	127	CD14+Monocyte
AACGGTACGGAT	2050	133	CD14+Monocyte
CGGAGAACGGAT	2005	119	CD14+Monocyte
TCCCGAACGGAT	976	78	CD8+T
GCTCAAACGGAT	2472	130	CD14+Monocyte
GTCATCACGGAT	2513	131	CD14+Monocyte
AGCGGCACGGAT	2130	114	CD14+Monocyte
AACCAACTAACT	994	78	CD8+T
CGTACGCTAACT	2545	120	CD14+Monocyte
GGTAGCCTAACT	1595	103	CD14+Monocyte
TGGCCTCTAACT	2710	109	CD8+T
ATGTCACTAACT	2445	97	CD8+T
CACGATCTAACT	2675	139	CD14+Monocyte
CATTTTCTAACT	2796	110	CD8+T
CGGAGACTAACT	2611	131	CD14+Monocyte
GACTATCTAACT	1961	110	CD14+Monocyte
GCTCAACTAACT	2626	130	CD14+Monocyte
GGATATCTAACT	1986	113	CD14+Monocyte
GTAAGACTAACT	1207	84	CD14+Monocyte
GTATCTCTAACT	2204	114	CD14+Monocyte
ACTGCACAACAT	3208	139	CD16+Monocyte
TGGCCTCAACAT	3333	138	CD16+Monocyte
CACGATCAACAT	1479	90	B
CATGGCCAACAT	2644	121	CD16+Monocyte
CATTTTCAACAT	3064	134	CD16+Monocyte
CCTTCACAACAT	1713	93	B
GACTATCAACAT	1763	89	B
TAATCGCAACAT	2743	117	CD16+Monocyte
TACAGCCAACAT	3139	139	CD16+Monocyte
TCGCGGCAACAT	4862	146	CD16+Monocyte
GCTCAACAACAT	1788	86	B
GTAAGACAACAT	2169	95	B
AACCAAGTCGTG	2822	125	CD16+Monocyte
CGATAGGTCGTG	2595	122	CD16+Monocyte
AGAAGAGTCGTG	813	79	CD16+Monocyte
TAGTCAGTCGTG	3056	124	CD16+Monocyte
ACTGCAGTCGTG	812	76	CD16+Monocyte
TTCTGAGTCGTG	2038	114	CD16+Monocyte
GTGAAAGTCGTG	1563	88	B
AACCTCGTCGTG	1503	85	B
GCGGTTGTCGTG	3251	128	CD16+Monocyte
AGTCAAGTCGTG	2056	114	CD16+Monocyte
ATGTCAGTCGTG	2949	131	CD16+Monocyte
ATTCCTGTCGTG	1206	87	B
CACTCAGTCGTG	1873	87	B
CAGGCGGTCGTG	2874	134	CD16+Monocyte
GTTAAGGTCGTG	2738	121	CD16+Monocyte
TAATCGGTCGTG	2987	118	CD16+Monocyte
TACAGCGTCGTG	2775	123	CD16+Monocyte
TCGAAGGTCGTG	2674	119	CD16+Monocyte
TAACGTGTCGTG	1355	85	B
AACCAAAATCTG	2390	129	CD16+Monocyte
ACTGCAAATCTG	640	79	CD16+Monocyte
TTCTGAAATCTG	3342	135	CD16+Monocyte
GTGAAAAATCTG	2190	93	B
GTTTCGAATCTG	1630	87	B
CGCAACAATCTG	2842	138	CD16+Monocyte
ACTGATAATCTG	3106	124	B
ATGAGCAATCTG	1698	82	B
CAAAAGAATCTG	1993	88	B
CCAACAAATCTG	3115	133	CD16+Monocyte
CTCAGAAATCTG	2890	134	CD16+Monocyte
GTTAAGAATCTG	4162	149	CD16+Monocyte
CCTTCAAATCTG	1597	84	B
GAAGCTAATCTG	1218	79	B
TATAATAATCTG	3162	126	CD16+Monocyte
TCCCGAAATCTG	2913	134	CD16+Monocyte
TCGCGGAATCTG	3051	130	CD16+Monocyte
GTAAGAAATCTG	3061	108	B
AACCAATACATC	3417	133	CD16+Monocyte
TAGTCATACATC	3085	129	CD16+Monocyte
AGTCAATACATC	2816	135	CD16+Monocyte
AGTTCCTACATC	2953	135	CD16+Monocyte
CCGTCCTACATC	2164	116	CD16+Monocyte
CAAAAGTACATC	1607	90	B
CACGATTACATC	1661	85	B
AACGGTTACATC	1712	83	B
CAGGCGTACATC	3262	137	CD16+Monocyte
CTCAGATACATC	2739	117	CD16+Monocyte
TCGGCATACATC	2589	125	CD16+Monocyte
TCGCGGTACATC	2656	121	CD16+Monocyte
GTTTCGAGGTGC	1456	87	B
GCGGTTAGGTGC	3172	134	CD16+Monocyte
TGGTCCAGGTGC	2930	134	CD16+Monocyte
CAAAAGAGGTGC	1616	82	B
AACGGTAGGTGC	1448	89	B
CGGAATAGGTGC	3058	139	CD16+Monocyte
CTATACAGGTGC	1949	124	CD16+Monocyte
CGAATAAGGTGC	1448	82	B
CGGAGAAGGTGC	1462	86	B
TCATTCAGGTGC	1088	77	CD16+Monocyte
GCTCAAAGGTGC	1696	76	B
GTAAGAAGGTGC	1690	90	B
GTATCTAGGTGC	2775	118	B
AGAAGACATGGC	3235	132	CD16+Monocyte
CCTAGCCATGGC	2749	134	CD16+Monocyte
ATGTCACATGGC	1633	101	CD16+Monocyte
TGGTCCCATGGC	3081	120	CD16+Monocyte
CAGGCGCATGGC	2997	119	CD16+Monocyte
CATGGCCATGGC	2962	122	CD16+Monocyte
CGGAATCATGGC	2397	126	CD16+Monocyte
GTTAAGCATGGC	2788	132	CD16+Monocyte
TATAATCATGGC	3894	144	CD16+Monocyte
GCAGTCCATGGC	2027	88	B
GTAAGACATGGC	1427	77	B
AACCAATTAGCC	4659	158	CD16+Monocyte
CGATAGTTAGCC	905	78	CD16+Monocyte
AGAAGATTAGCC	3214	135	CD16+Monocyte
TAGTCATTAGCC	3093	148	CD16+Monocyte
ACTGCATTAGCC	3451	133	CD16+Monocyte
GTAGAGTTAGCC	1625	97	B
GTTTCGTTAGCC	1788	92	B
GGTAGCTTAGCC	1346	86	B
CCTAGCTTAGCC	3239	143	CD16+Monocyte
GCGGTTTTAGCC	2946	132	CD16+Monocyte
TGGTCCTTAGCC	2919	139	CD16+Monocyte
ACTGATTTAGCC	1447	86	B
CACTCATTAGCC	1828	101	B
CATTTTTTAGCC	2750	119	CD16+Monocyte
CTATACTTAGCC	2749	130	CD16+Monocyte
GAGTAATTAGCC	1482	91	B
TCATTCTTAGCC	2739	118	CD16+Monocyte
TCCCGATTAGCC	2911	133	CD16+Monocyte
TCGAAGTTAGCC	2878	126	CD16+Monocyte
GCAGTCTTAGCC	1780	92	B
GCTCAATTAGCC	1525	84	B
GAGCCTTCGCTA	3355	129	CD16+Monocyte
GTGGCCTCGCTA	1460	98	B
CGTACGTCGCTA	1310	86	B
GCGGTTTCGCTA	3287	147	CD16+Monocyte
AGTCAATCGCTA	3074	134	CD16+Monocyte
ATGTCATCGCTA	2560	125	CD16+Monocyte
TGGTCCTCGCTA	2206	118	CD16+Monocyte
ACTGATTCGCTA	1600	79	B
CACCGGTCGCTA	2807	103	B
CACGATTCGCTA	1836	95	B
CAGGCGTCGCTA	2230	118	CD16+Monocyte
CATGGCTCGCTA	3992	159	CD16+Monocyte
CTAGCTTCGCTA	3197	132	CD16+Monocyte
GTTAAGTCGCTA	2981	126	CD16+Monocyte
ACTAAGTCGCTA	2397	94	B
GACTATTCGCTA	1478	88	B
GACGACTCGCTA	3270	142	CD16+Monocyte
TAATCGTCGCTA	2774	116	CD16+Monocyte
TACAGCTCGCTA	2447	109	CD16+Monocyte
GTCATCTCGCTA	1625	89	B
CGATAGATTCAT	2932	126	CD16+Monocyte
TAGTCAATTCAT	3003	131	CD16+Monocyte
CAGCATATTCAT	3428	134	CD16+Monocyte
CCGCCTATTCAT	3443	130	CD16+Monocyte
GTAGAGATTCAT	2339	101	B
GTCCGCATTCAT	1567	87	B
AGTCAAATTCAT	2489	119	CD16+Monocyte
ACTGATATTCAT	1792	89	B
ATGAGCATTCAT	2528	115	B
CACCGGATTCAT	2382	104	B
CGGAATATTCAT	3038	119	CD16+Monocyte
CTAGCTATTCAT	2631	121	CD16+Monocyte
CGAATAATTCAT	1773	107	B
CGGAGAATTCAT	1547	86	B
TATAATATTCAT	3124	150	CD16+Monocyte
TCATTCATTCAT	3016	121	CD16+Monocyte
TCCCGAATTCAT	2877	126	CD16+Monocyte
GTGGCCGAATGA	1786	93	NK
TGGCCTGAATGA	2002	90	CD4+T
GCGGTTGAATGA	2059	98	CD4+T
AGTTCCGAATGA	1999	101	CD4+T
TGGTCCGAATGA	2234	92	CD4+T
ATGAGCGAATGA	1906	105	NK
CATGGCGAATGA	2077	92	CD4+T
CTATACGAATGA	1768	92	CD4+T
GTTAAGGAATGA	1961	87	CD4+T
CCTTCAGAATGA	1604	99	NK
GAAGCTGAATGA	1477	89	NK
GACGACGAATGA	1901	88	CD4+T
TATAATGAATGA	1885	79	CD4+T
TCATTCGAATGA	1733	94	CD4+T
GTATCTGAATGA	1558	96	NK
GTCATCGAATGA	1783	98	NK
CCGCCTAGCCAA	2192	99	CD4+T
CGTACGAGCCAA	1867	103	NK
ACTGATAGCCAA	1248	79	NK
CAACTAAGCCAA	1628	94	NK
CACGATAGCCAA	1446	85	NK
CACTCAAGCCAA	1050	90	NK
AACGGTAGCCAA	1503	97	NK
CATGGCAGCCAA	2115	107	CD4+T
CATTTTAGCCAA	1800	85	CD4+T
CGGAATAGCCAA	1941	94	CD4+T
CTAGCTAGCCAA	1660	86	CD4+T
CTATACAGCCAA	2044	99	CD4+T
CTCAGAAGCCAA	2210	89	CD4+T
GACGACAGCCAA	1756	87	CD4+T
TCGAAGAGCCAA	2157	88	CD4+T
ATGAGCCTCCTT	1603	88	NK
CACCGGCTCCTT	1848	104	NK
GACGACCTCCTT	1759	82	CD4+T
TCGCGGCTCCTT	1892	102	CD4+T
GCTCAACTCCTT	2022	111	NK
AGAAGATAAGGT	1931	93	CD4+T
CAGCATTAAGGT	2446	107	CD4+T
TTCTGATAAGGT	2165	94	CD4+T
CACCGGTAAGGT	1180	84	NK
CACGATTAAGGT	1580	105	NK
CAGGCGTAAGGT	1767	86	CD4+T
CATGGCTAAGGT	1890	91	CD4+T
CCAACATAAGGT	2115	92	CD4+T
CGGAATTAAGGT	1858	94	CD4+T
GTTAAGTAAGGT	1595	84	CD4+T
TCATTCTAAGGT	1692	92	CD4+T
TAACGTTAAGGT	1827	102	NK
TTACTTTAAGGT	1779	90	NK
AACCAAAGGATG	3286	118	CD4+T
CGATAGAGGATG	1736	94	CD4+T
AGAAGAAGGATG	2966	106	CD4+T
GTTTCGAGGATG	1931	100	NK
GAGTGGAGGATG	2315	128	NK
GGTAGCAGGATG	1745	95	NK
CCTAGCAGGATG	2548	112	CD4+T
ATGTCAAGGATG	2232	99	CD4+T
ATTCCTAGGATG	1765	100	NK
AACGGTAGGATG	1743	99	NK
CGGAATAGGATG	2125	100	CD4+T
CTCAGAAGGATG	2157	109	CD4+T
GACTATAGGATG	1624	91	NK
GACGACAGGATG	2112	99	CD4+T
AGAAGATTGTCG	1474	85	CD4+T
ACTGCATTGTCG	2244	100	CD4+T
GCGGTTTTGTCG	2246	101	CD4+T
AGTCAATTGTCG	2150	97	CD4+T
CCGTCCTTGTCG	2297	98	CD4+T
ATGAGCTTGTCG	1923	103	NK
GTTAAGTTGTCG	1984	87	CD4+T
GACTATTTGTCG	1704	115	NK
GAGTAATTGTCG	1082	90	NK
ACCAGATTGTCG	2631	131	NK
TAATCGTTGTCG	1993	98	CD4+T
TACAGCTTGTCG	1956	95	CD4+T
GTAAGATTGTCG	2664	114	NK
AACCAAGATTAG	3366	117	CD4+T
CGTACGGATTAG	1910	103	NK
ATGTCAGATTAG	2020	98	CD4+T
CCGTCCGATTAG	1896	94	CD4+T
TGGTCCGATTAG	2089	109	CD4+T
ATGAGCGATTAG	1728	112	NK
CATGGCGATTAG	1963	93	CD4+T
CATTTTGATTAG	1843	101	CD4+T
CGAATAGATTAG	3403	150	NK
GAAGCTGATTAG	1783	93	NK
TACAGCGATTAG	1859	91	CD4+T
TCGAAGGATTAG	2036	93	CD4+T
TCGGCAGATTAG	2371	93	CD4+T
TCGCGGGATTAG	1713	85	CD4+T
GTATCTGATTAG	1658	94	NK
AGCGGCGATTAG	2360	104	NK
CGCAACATAGAG	1928	96	CD4+T
ATTCCTATAGAG	1952	104	NK
CTAGCTATAGAG	2018	99	CD4+T
CCTTCAATAGAG	1921	95	NK
GAGTAAATAGAG	1612	95	NK
TATAATATAGAG	2087	100	CD4+T
TCATTCATAGAG	2080	95	CD4+T
TCCCGAATAGAG	2133	89	CD4+T
TCGAAGATAGAG	2118	101	CD4+T
GGATATATAGAG	2122	105	NK
TAACGTATAGAG	1820	100	NK
GGTAGCTCTTGG	1581	101	NK
CGCAACTCTTGG	2081	99	CD4+T
AGTCAATCTTGG	1870	82	CD4+T
ATTCCTTCTTGG	1350	86	NK
CACGATTCTTGG	1893	101	NK
CATTTTTCTTGG	2077	90	CD4+T
CTAGCTTCTTGG	1965	86	CD4+T
CCTTCATCTTGG	832	86	NK
TACAGCTCTTGG	2172	101	CD4+T
TCATTCTCTTGG	1970	95	CD4+T
GCAGTCTCTTGG	1137	81	NK
